{
  "timestamp_utc": "2026-03-27T12:51:23.536122+00:00",
  "table_mode": "trial",
  "selection_metric": "auc_roc",
  "scaler": "RobustScaler",
  "scaler_name": "robust",
  "best_params": {
    "n_estimators": 200,
    "max_depth": 5,
    "learning_rate": 0.05,
    "subsample": 0.8,
    "gamma": 0.1,
    "colsample_bytree": 0.8,
    "min_child_weight": 3,
    "reg_alpha": 0.1,
    "reg_lambda": 2.0
  },
  "best_cv_auc_roc": 0.8428811524609845,
  "holdout": {
    "accuracy": 0.8524590163934426,
    "balanced_accuracy": 0.830749354005168,
    "precision": 0.9047619047619048,
    "recall": 0.8837209302325582,
    "f1": 0.8941176470588236,
    "pr_auc": 0.9730217969445057,
    "auc_roc": 0.9198966408268734,
    "confusion_matrix": [
      [
        14,
        4
      ],
      [
        5,
        38
      ]
    ],
    "n_test": 61
  },
  "loso": [
    {
      "accuracy": 0.7522123893805309,
      "balanced_accuracy": 0.6575438596491228,
      "precision": 0.7473684210526316,
      "recall": 0.9466666666666667,
      "f1": 0.8352941176470589,
      "pr_auc": 0.9091136803253167,
      "auc_roc": 0.82,
      "study": "Ga",
      "n_test": 113
    },
    {
      "accuracy": 0.7131782945736435,
      "balanced_accuracy": 0.609423076923077,
      "precision": 0.8526315789473684,
      "recall": 0.7788461538461539,
      "f1": 0.8140703517587939,
      "pr_auc": 0.9387488003341373,
      "auc_roc": 0.7663461538461539,
      "study": "Ju",
      "n_test": 129
    },
    {
      "accuracy": 0.59375,
      "balanced_accuracy": 0.6078817733990147,
      "precision": 0.6956521739130435,
      "recall": 0.45714285714285713,
      "f1": 0.5517241379310345,
      "pr_auc": 0.7469118600681848,
      "auc_roc": 0.7241379310344828,
      "study": "Si",
      "n_test": 64
    }
  ],
  "model_path": "/Users/adityakharbanda/Downloads/Parkinson-Detection-using-GAIT-Voice-Tapping-Analysis/backend/training/../models/gait_model_trial_robust.pkl",
  "deploy_model_path": null
}